Date,open,high,low,close,volume
2020-01-02 00:00:00-05:00,67.09970156760528,68.1083755493164,67.00415768648521,68.1083755493164,27278000
2020-01-03 00:00:00-05:00,67.07929686090621,68.36066912200879,67.04545444931702,67.7520751953125,23408000
2020-01-06 00:00:00-05:00,67.25992638011208,69.58332136437583,67.22858209701914,69.55794525146484,46768000
2020-01-07 00:00:00-05:00,69.68982062314994,69.84109780511007,69.24693831666055,69.42359161376953,34330000
2020-01-08 00:00:00-05:00,69.40915447916457,70.25660431481994,69.30017841973043,69.917724609375,35314000
2020-01-09 00:00:00-05:00,70.75820366435225,71.09409928302898,70.17499344034695,70.65171813964844,33200000
2020-01-10 00:00:00-05:00,71.13340830145955,71.4056054391935,70.642256782346,71.10802459716797,26258000
2020-01-13 00:00:00-05:00,71.42102862265929,71.73104695528151,70.92938354149257,71.65889739990234,30730000
2020-01-14 00:00:00-05:00,71.65740633981173,71.78828087353631,71.04881242286127,71.18914794921875,26076000
2020-01-15 00:00:00-05:00,71.31007165217136,71.69622595906601,71.24239441964515,71.61759948730469,21550000
2020-01-16 00:00:00-05:00,71.92861841895987,72.18987397034176,71.65741591572775,72.16300201416016,26080000
2020-01-17 00:00:00-05:00,72.77904882974998,73.67526155402983,72.48097438508057,73.62400817871094,52424000
2020-01-21 00:00:00-05:00,73.59813193167503,74.13954981671559,73.16072423104607,73.7598648071289,48930000
2020-01-22 00:00:00-05:00,74.13208973203312,74.67200421330017,73.78027135418839,73.8404769897461,28458000
2020-01-23 00:00:00-05:00,74.02360392331533,74.31968898431825,73.66382040673582,73.88127899169922,26650000
2020-01-24 00:00:00-05:00,74.28584264769104,74.35451457543209,72.810892040463,72.95968627929688,29786000
2020-01-27 00:00:00-05:00,71.2364267268566,71.48722657038118,70.63728617423324,71.24588012695312,34132000
2020-01-28 00:00:00-05:00,71.74399693020122,72.39388973398827,71.17770407698895,72.17991638183594,29724000
2020-01-29 00:00:00-05:00,72.57601256289253,72.8586654186404,71.92562625371633,72.48843383789062,21566000
2020-01-30 00:00:00-05:00,71.56285567943894,72.41627364413384,71.40859442553979,72.36651611328125,27110000
2020-01-31 00:00:00-05:00,73.04378594209612,73.13385521184509,71.01349157096435,71.29813385009766,43822000
2020-02-03 00:00:00-05:00,72.73475112590975,73.96139234126558,72.48395130082353,73.77726745605469,71636000
2020-02-04 00:00:00-05:00,72.37846261578684,73.01789968192739,70.76318413051645,71.92662048339844,95880000
2020-02-05 00:00:00-05:00,72.83228620559221,72.88055549193162,71.14386347186732,71.95846557617188,36376000
2020-02-06 00:00:00-05:00,72.25355601704628,73.7255224770131,72.17891592181336,73.44734954833984,37822000
2020-02-07 00:00:00-05:00,73.02039690526739,73.90914563927223,72.92186893297892,73.60360717773438,28360000
2020-02-10 00:00:00-05:00,73.51005621420106,75.0850230307296,73.40903771305075,75.0740737915039,38302000
2020-02-11 00:00:00-05:00,75.30348131760789,76.1300350378507,74.91434289980158,75.14374542236328,34852000
2020-02-12 00:00:00-05:00,75.4323606906229,75.65330449075212,75.07457418082535,75.57020568847656,31042000
2020-02-13 00:00:00-05:00,75.14076012943136,75.93446611705389,74.84218453538855,75.30945587158203,22914000
2020-02-14 00:00:00-05:00,75.36617257703398,75.64086026005992,74.91930394806882,75.5751724243164,23198000
2020-02-18 00:00:00-05:00,75.35672784883174,76.16386598952577,75.19101619789893,75.61051177978516,25642000
2020-02-19 00:00:00-05:00,75.99666093125346,76.17282066551604,75.6871437222989,75.8807144165039,22746000
2020-02-20 00:00:00-05:00,75.58911140978356,75.99019372622803,74.85511755870975,75.48859405517578,25962000
2020-02-21 00:00:00-05:00,74.8710434826863,75.18803231655097,73.57275374256885,73.820068359375,42520000
2020-02-24 00:00:00-05:00,70.81393833170006,71.47727087720753,70.00481082046124,70.65519714355469,49560000
2020-02-25 00:00:00-05:00,71.20955452359632,71.50065850081133,68.692588654975,68.9861831665039,51580000
2020-02-26 00:00:00-05:00,69.41712466045571,70.3471798136507,68.50000813732794,69.19269561767578,49776000
2020-02-27 00:00:00-05:00,67.63364403136153,68.14420353278719,65.39932357908593,65.43465423583984,62290000
2020-02-28 00:00:00-05:00,63.412330880062434,66.8031174963142,63.10878181731662,66.64388275146484,80198000
2020-03-02 00:00:00-05:00,67.24799522889303,69.04340471098438,65.94472443894038,68.9861831665039,55430000
2020-03-03 00:00:00-05:00,69.55147725951427,70.074474248836,66.14575530731636,66.56774139404297,56602000
2020-03-04 00:00:00-05:00,67.6246871548153,68.81002200894605,66.53191209538853,68.75130462646484,47598000
2020-03-05 00:00:00-05:00,66.95737348484228,67.35945807850705,64.77232458674723,65.42520141601562,54380000
2020-03-06 00:00:00-05:00,63.19537131559653,64.82756356054318,62.56140121868282,64.4787368774414,64640000
2020-03-09 00:00:00-04:00,59.96132825146764,62.338463471328105,59.61697392511775,60.50025177001953,69252000
2020-03-10 00:00:00-04:00,62.42107375509726,63.488966334377615,60.436558192415546,63.45512771606445,54872000
2020-03-11 00:00:00-04:00,62.11652899829391,62.54746738339037,59.27361813002025,60.25691604614258,54732000
2020-03-12 00:00:00-04:00,55.863916764377194,59.15468318742386,55.1597827507668,55.31304931640625,94326000
2020-03-13 00:00:00-04:00,58.46995836028194,60.431083267311,55.34987319346634,60.42461395263672,79400000
2020-03-16 00:00:00-04:00,54.22126801964199,57.0009775285844,53.100128996168905,53.39472198486328,96520000
2020-03-17 00:00:00-04:00,54.272526168627074,56.03211138595321,52.205409328198975,55.637001037597656,83194000
2020-03-18 00:00:00-04:00,52.7448309388167,54.98661171058381,51.60328544362562,54.299896240234375,93044000
2020-03-19 00:00:00-04:00,54.15209776679258,57.35628004585694,52.52637123041914,55.31901931762695,74064000
2020-03-20 00:00:00-04:00,56.275944586197916,56.6531428302749,52.85231423228287,53.1563606262207,82878000
2020-03-23 00:00:00-04:00,52.5671779570536,53.09167079517627,50.20347875276499,52.455711364746094,83672000
2020-03-24 00:00:00-04:00,54.93635331479006,56.39686943848624,54.06302620724,56.231658935546875,72468000
2020-03-25 00:00:00-04:00,55.961448858891174,57.03581063497772,53.892840020620554,54.818912506103516,90324000
2020-03-26 00:00:00-04:00,55.47079504467959,58.29529241748378,54.34169466002882,57.869327545166016,76562000
2020-03-27 00:00:00-04:00,56.10526532209489,57.27865627332936,54.93734899052884,55.24885940551758,62794000
2020-03-30 00:00:00-04:00,56.36253564444081,57.276166921251175,54.663159753328635,57.042781829833984,58736000
2020-03-31 00:00:00-04:00,57.163206051055234,58.39083443927487,56.56556134705665,57.82106018066406,65228000
2020-04-01 00:00:00-04:00,55.932587259759686,56.20229768361806,54.41434472078375,54.842796325683594,51970000
2020-04-02 00:00:00-04:00,54.73830070289628,55.87138374005283,54.3964368955584,55.585750579833984,56410000
2020-04-03 00:00:00-04:00,55.47029994298398,55.6733278436525,53.49822958250269,54.37503433227539,51374000
2020-04-06 00:00:00-04:00,56.3804517940451,59.25420957181764,55.98235353914818,58.87800979614258,63320000
2020-04-07 00:00:00-04:00,60.560960685506046,60.748567018759054,58.58242097642709,58.846656799316406,61620000
2020-04-08 00:00:00-04:00,59.868771468332326,60.45596430381323,58.915826954161616,60.062843322753906,40334000
2020-04-09 00:00:00-04:00,60.6191822762662,60.80877419619722,59.33730885263395,60.04144287109375,54028000
2020-04-13 00:00:00-04:00,59.78915284931368,60.43705624337838,58.83521365989364,60.2325325012207,38702000
2020-04-14 00:00:00-04:00,61.703500286214066,63.48398554877324,61.13471691802692,62.96049118041992,63358000
2020-04-15 00:00:00-04:00,62.028941883647406,63.45213792906103,61.40641842523156,62.56587600708008,42236000
2020-04-16 00:00:00-04:00,63.05553213901334,63.365053153788786,61.61541867517127,62.57234191894531,57896000
2020-04-17 00:00:00-04:00,63.78006595578862,64.19309218879452,62.99880134225195,63.64570999145508,51050000
2020-04-20 00:00:00-04:00,63.19237866612476,63.53723033913038,62.52307795892024,62.7574577331543,35292000
2020-04-21 00:00:00-04:00,61.839850264512044,62.20261405697776,59.96331995092656,60.319618225097656,49648000
2020-04-22 00:00:00-04:00,61.760223241371214,63.68949878936644,61.565654060120984,62.62110900878906,46296000
2020-04-23 00:00:00-04:00,62.98586521952871,64.10103609301092,62.72660667994224,63.256072998046875,34202000
2020-04-24 00:00:00-04:00,62.45142034269284,63.581519212126466,61.904038134854936,63.526283264160156,37402000
2020-04-27 00:00:00-04:00,64.29261611187121,64.39711983752524,62.95202534102773,63.24064636230469,44186000
2020-04-28 00:00:00-04:00,63.854715732055425,63.93233991292163,61.22627956997814,61.33625411987305,80700000
2020-04-29 00:00:00-04:00,66.93000841508254,67.6839037451793,66.02085713189535,66.78968048095703,108358000
2020-04-30 00:00:00-04:00,66.2512539359075,67.17881846187733,65.76059592377868,67.01460266113281,55842000
2020-05-01 00:00:00-04:00,65.88948738417584,67.24998736729863,65.17142379081537,65.55259704589844,48872000
2020-05-04 00:00:00-04:00,65.09528031161895,65.90839414561984,64.49216102586087,65.83026123046875,30806000
2020-05-05 00:00:00-04:00,66.55679496980919,68.2243215628969,66.43388558474965,67.13005065917969,39666000
2020-05-06 00:00:00-04:00,67.57691974063604,68.1088766042414,66.93648036667742,66.95140838623047,31732000
2020-05-07 00:00:00-04:00,67.74162698307182,68.47263673969645,67.30521401409817,68.13822937011719,30652000
2020-05-08 00:00:00-04:00,68.7622572406244,69.4997287699174,68.27408972188776,68.88765716552734,33326000
2020-05-11 00:00:00-04:00,68.51194548372064,70.43972524742269,68.44775348367992,69.84556579589844,32718000
2020-05-12 00:00:00-04:00,70.07596337218183,70.38000593206229,68.39848246678474,68.43182373046875,33918000
2020-05-13 00:00:00-04:00,68.48059978522438,68.93692187825766,66.0845538197152,67.09571838378906,40368000
2020-05-14 00:00:00-04:00,66.358740454696,67.54556349090912,65.85017034843136,67.52018737792969,36660000
2020-05-15 00:00:00-04:00,67.09223444201076,68.40196688173432,66.63143246758034,68.32633209228516,41544000
2020-05-18 00:00:00-04:00,67.75506542085085,69.30664542495049,67.38781793513687,68.92945098876953,47094000
2020-05-19 00:00:00-04:00,68.94437777014069,69.29320440850012,68.36116757338164,68.39301300048828,31586000
2020-05-20 00:00:00-04:00,69.12749997341068,70.26556016251162,69.04091594784161,70.12274169921875,38262000
2020-05-21 00:00:00-04:00,70.21381213676726,70.48600931605345,69.38775960567644,70.00282287597656,30894000
2020-05-22 00:00:00-04:00,69.86100197282914,70.51288417543044,69.46539424513811,70.3257827758789,28544000
2020-05-26 00:00:00-04:00,71.75493560524927,71.9116873877713,70.63230460863535,70.73033142089844,44590000
2020-05-27 00:00:00-04:00,70.66217598789508,70.9284050225862,69.39822209639657,70.67610931396484,31684000
2020-05-28 00:00:00-04:00,69.66692194094234,71.87934390822512,69.6211431898544,70.5745849609375,35170000
2020-05-29 00:00:00-04:00,70.68356469901353,71.49468919080876,70.462127348285,71.33495330810547,37044000
2020-06-01 00:00:00-04:00,70.94581564745266,71.73603636424069,70.77562407491,71.40213012695312,25162000
2020-06-02 00:00:00-04:00,71.40859947866784,71.8066977191186,70.74228284294568,71.7723617553711,23442000
2020-06-03 00:00:00-04:00,71.79176648096278,72.10576361612307,71.24040169551722,71.62008666992188,27732000
2020-06-04 00:00:00-04:00,71.497177182306,71.72310206654205,69.96599963959787,70.37852478027344,26982000
2020-06-05 00:00:00-04:00,70.44520002096422,71.9709103787135,70.0461071028752,71.65840148925781,42642000
2020-06-08 00:00:00-04:00,70.97468213654459,72.10527089418974,70.88510641927735,72.05750274658203,33878000
2020-06-09 00:00:00-04:00,71.91816171630913,73.04079279119881,71.77484210279437,72.25852966308594,33624000
2020-06-10 00:00:00-04:00,72.72779445199085,73.28811152943916,72.37199732197752,72.88653564453125,31762000
2020-06-11 00:00:00-04:00,71.70867022307195,72.2346589692547,69.5878130130695,69.76148223876953,47144000
2020-06-12 00:00:00-04:00,70.95376958003494,71.38421437179544,68.96030198853704,70.30985260009766,36676000
2020-06-15 00:00:00-04:00,69.14393211467979,70.91098145927349,69.0299749795907,70.6989974975586,30468000
2020-06-16 00:00:00-04:00,72.10526358516627,72.51182051857924,71.10952825884952,71.9793701171875,30648000
2020-06-17 00:00:00-04:00,72.30133456430534,72.76212896872691,71.415068821233,72.28142547607422,30610000
2020-06-18 00:00:00-04:00,72.14757151661824,72.30282748663723,70.9726846629474,71.36481475830078,34862000
2020-06-19 00:00:00-04:00,71.6574175755616,71.88134548686659,70.61241053201405,70.89307403564453,52784000
2020-06-22 00:00:00-04:00,70.91147505867174,72.20230067860511,70.62185934811,72.1878662109375,29442000
2020-06-23 00:00:00-04:00,72.25455152562985,73.40903563217812,71.90621842213413,72.85070037841797,37752000
2020-06-24 00:00:00-04:00,72.8158676184772,73.43838725263467,71.15978391672346,71.29414367675781,31592000
2020-06-25 00:00:00-04:00,71.22049025097112,71.77284971319233,70.63926944685834,71.71214294433594,23958000
2020-06-26 00:00:00-04:00,71.29066762558381,71.5091209058233,67.42763609824557,67.80284118652344,97640000
2020-06-29 00:00:00-04:00,67.69336296671155,69.56740658298106,67.2609287443365,69.5261001586914,45074000
2020-06-30 00:00:00-04:00,69.51166652596817,70.86120953969471,69.01652859220182,70.56512451171875,40286000
2020-07-01 00:00:00-04:00,70.62086427511922,72.07939091455171,70.3725473926324,71.75692749023438,42182000
2020-07-02 00:00:00-04:00,72.24659805024832,74.07187120886894,72.20827571187772,73.14678955078125,57218000
2020-07-06 00:00:00-04:00,74.05345615982517,75.14075662187608,73.49761142237459,74.62571716308594,44712000
2020-07-07 00:00:00-04:00,74.45055656016098,75.70406216918913,74.13058365914364,74.14153289794922,42364000
2020-07-08 00:00:00-04:00,74.68294763540767,75.19898179852746,74.25996682154751,74.82228088378906,31766000
2020-07-09 00:00:00-04:00,75.13726983285122,76.09320218311657,74.42368620829713,75.57169342041016,41836000
2020-07-10 00:00:00-04:00,75.30249221381746,76.70031238185157,74.6789777513055,76.58436584472656,35918000
2020-07-13 00:00:00-04:00,77.12825841563946,78.44297203416643,74.96958014308842,75.2517318725586,42954000
2020-07-14 00:00:00-04:00,74.28434999897787,75.77770617369718,73.94297977071558,75.68116760253906,38108000
2020-07-15 00:00:00-04:00,75.79910266825213,76.45098479184617,74.53514900176111,75.48311614990234,31026000
2020-07-16 00:00:00-04:00,74.71777710977885,75.43485358407806,74.05942561326644,75.38558959960938,26484000
2020-07-17 00:00:00-04:00,75.48460487369971,75.80905769154303,74.5485816531521,75.48162078857422,34264000
2020-07-20 00:00:00-04:00,75.38957192669334,78.07722309236132,74.77750030048323,77.81995391845703,30166000
2020-07-21 00:00:00-04:00,78.87440678042151,78.97492413472274,77.26161122175375,77.42582702636719,27486000
2020-07-22 00:00:00-04:00,77.4153749127673,77.97619307910186,76.7943435285577,77.87020111083984,24482000
2020-07-23 00:00:00-04:00,77.92395335639043,78.14390246974544,75.0705906466516,75.47665405273438,33910000
2020-07-24 00:00:00-04:00,74.6028386333552,75.41097153590187,74.02559650691151,75.05168914794922,29902000
2020-07-27 00:00:00-04:00,75.30298784991724,76.51220308106483,75.25670794866738,76.10763549804688,27124000
2020-07-28 00:00:00-04:00,75.88718593599701,75.93744461336621,74.6690109658058,74.82476806640625,30910000
2020-07-29 00:00:00-04:00,74.89193888511915,76.30169506581362,74.79290978342082,75.81303405761719,22676000
2020-07-30 00:00:00-04:00,74.54210547301882,76.6778977653175,74.40277224907663,76.55249786376953,36042000
2020-07-31 00:00:00-04:00,74.49633198454498,74.89293435330026,72.3540702273074,74.04349517822266,91468000
2020-08-03 00:00:00-04:00,74.1952746917589,74.530168009216,73.2358571600964,73.78523254394531,45482000
2020-08-04 00:00:00-04:00,73.98179492968481,74.30027198256265,72.85318812445986,73.31448364257812,37212000
2020-08-05 00:00:00-04:00,73.48966050340952,74.14552151348077,73.21098639334856,73.60261535644531,29134000
2020-08-06 00:00:00-04:00,73.45630713721422,74.9551379108816,73.24481674977106,74.88945007324219,33306000
2020-08-07 00:00:00-04:00,75.09298915592936,75.64285813461413,73.95990233635366,74.56202697753906,27718000
2020-08-10 00:00:00-04:00,74.18532353114587,74.9989309564981,73.5229856891654,74.48489379882812,20546000
2020-08-11 00:00:00-04:00,74.34456082208418,75.1626557930458,73.55782532310258,73.67476654052734,31098000
2020-08-12 00:00:00-04:00,74.00220039154834,75.22386058442733,73.8967019688904,75.00341033935547,22512000
2020-08-13 00:00:00-04:00,75.05168292534601,76.48284418729223,75.05168292534601,75.47167205810547,22388000
2020-08-14 00:00:00-04:00,75.32040392648128,75.62793939616182,74.59338041774163,74.87354278564453,21942000
2020-08-17 00:00:00-04:00,75.43783887619192,75.82648373152185,74.891948664715,75.4512710571289,19990000
2020-08-18 00:00:00-04:00,75.9429161837234,77.4979814068608,75.72147884435643,77.41886138916016,28378000
2020-08-19 00:00:00-04:00,77.25514432932671,78.06975406339483,76.63361934240044,76.86302185058594,30472000
2020-08-20 00:00:00-04:00,76.6321208147601,78.63255890802547,76.357934257102,78.43749237060547,26382000
2020-08-21 00:00:00-04:00,78.21604588863363,79.21527401703564,77.74380871765172,78.40365600585938,34838000
2020-08-24 00:00:00-04:00,79.2446345587043,80.05626022081937,78.37728319040286,78.88037872314453,25638000
2020-08-25 00:00:00-04:00,78.62907393281236,80.06122982776336,78.51860203471604,79.91045379638672,25150000
2020-08-26 00:00:00-04:00,79.9328510423612,82.24629173884453,79.6681178662997,81.81534576416016,52188000
2020-08-27 00:00:00-04:00,81.93875040400734,82.00742232920561,80.55536494935534,81.03855895996094,31350000
2020-08-28 00:00:00-04:00,81.08583513332398,81.67700292551035,80.89375267803553,81.58145904541016,22418000
2020-08-31 00:00:00-04:00,81.78747703645925,81.8337569351286,80.87982154060386,81.08882141113281,26422000
2020-09-01 00:00:00-04:00,81.21970143861716,82.56626055007472,81.08882688778215,82.36024475097656,22652000
2020-09-02 00:00:00-04:00,83.00365344587165,85.89433583929082,82.61451509252599,85.46090698242188,49522000
2020-09-03 00:00:00-04:00,84.57166962599298,84.59555749578361,80.0030120217837,81.08782958984375,63726000
2020-09-04 00:00:00-04:00,80.06720294777561,81.36051923220332,76.53260313427657,78.68431854248047,55850000
2020-09-08 00:00:00-04:00,75.88718676343119,77.40741495849956,75.4642059639063,75.81752014160156,54032000
2020-09-09 00:00:00-04:00,77.0765070123546,77.56516810215537,75.89565197626554,76.993408203125,39242000
2020-09-10 00:00:00-04:00,77.14019418699958,78.30860397286067,75.63837173852811,75.9394302368164,33024000
2020-09-11 00:00:00-04:00,76.04393489459162,76.56892127073058,74.29579252540272,75.42738342285156,30706000
2020-09-14 00:00:00-04:00,76.21809682607592,77.47956754747086,74.89741517443528,75.08252716064453,42660000
2020-09-15 00:00:00-04:00,76.03100168037477,77.18050476355,75.7428817865187,76.39077758789062,23042000
2020-09-16 00:00:00-04:00,76.75702925240749,77.34869819515173,75.21987604229885,75.24475860595703,22128000
2020-09-17 00:00:00-04:00,73.93700680508756,74.5764514754621,72.77506627110589,73.99821472167969,40008000
2020-09-18 00:00:00-04:00,74.06092595393991,74.40428561995024,71.24041080982535,72.20927429199219,63056000
2020-09-21 00:00:00-04:00,71.24040107533145,71.66039017863206,69.80028765833156,71.16675567626953,56908000
2020-09-22 00:00:00-04:00,72.17096125693553,72.85021659464078,71.1349140632164,72.6436996459961,33950000
2020-09-23 00:00:00-04:00,72.25903690168364,72.30830088742725,69.80029475994638,70.13419342041016,37726000
2020-09-24 00:00:00-04:00,69.80028750186223,71.5573821324961,69.7739091004015,70.80448150634766,34552000
2020-09-25 00:00:00-04:00,70.91346650564168,71.95299118680184,70.04909927309517,71.61063385009766,30326000
2020-09-28 00:00:00-04:00,73.2493005572153,73.29905809078035,71.96991766342995,72.58596801757812,30784000
2020-09-29 00:00:00-04:00,72.84721982766548,73.24979037245576,72.35407128995197,72.95221710205078,31816000
2020-09-30 00:00:00-04:00,72.69941953772366,73.95641032525084,72.4416568506786,72.93131256103516,40924000
2020-10-01 00:00:00-04:00,73.8300263530017,74.39781505967089,73.48865608307334,74.041015625,32884000
2020-10-02 00:00:00-04:00,72.63423408285196,73.59961978967594,72.02315723124129,72.4336929321289,31222000
2020-10-05 00:00:00-04:00,72.78453262168433,73.88178779806272,72.65714329041249,73.78873443603516,21602000
2020-10-06 00:00:00-04:00,73.42396260503759,73.87281305634009,71.90671854148451,72.2057876586914,26096000
2020-10-07 00:00:00-04:00,72.61832198688667,73.09902552050082,71.32052571219367,72.60986328125,36108000
2020-10-08 00:00:00-04:00,72.9238486190655,74.04747434340368,72.9238486190655,73.81857299804688,26076000
2020-10-09 00:00:00-04:00,74.28783048431298,75.23281359404584,73.99622536956137,75.16314697265625,32966000
2020-10-12 00:00:00-04:00,76.53408949683731,79.04308997579452,76.10115418697416,77.85726165771484,55344000
2020-10-13 00:00:00-04:00,78.47531921079461,78.88088147808016,77.56069322963157,77.98068237304688,39072000
2020-10-14 00:00:00-04:00,78.35539239500633,78.81568566560401,76.92721520969711,77.80004119873047,33174000
2020-10-15 00:00:00-04:00,76.8575521545092,78.19615368912379,76.68985869767641,77.4034423828125,31210000
2020-10-16 00:00:00-04:00,77.71992528911265,78.51014601215543,77.51242125898598,78.01203155517578,34194000
2020-10-19 00:00:00-04:00,78.42157124529685,78.8196694818718,75.78368541921667,76.13350677490234,29734000
2020-10-20 00:00:00-04:00,75.7931381203553,78.3175679379068,75.66325827763784,77.18498229980469,41670000
2020-10-21 00:00:00-04:00,78.11902079681084,80.37274941652576,77.98416747068921,78.92218017578125,60322000
2020-10-22 00:00:00-04:00,78.87291283355273,80.28714906559912,78.49870246258452,79.95075988769531,30512000
2020-10-23 00:00:00-04:00,80.36827170244585,81.31723367329468,80.21201344374147,81.26050567626953,30548000
2020-10-26 00:00:00-04:00,80.36577109765061,81.0912986260321,78.01600527143772,78.83757781982422,35826000
2020-10-27 00:00:00-04:00,79.0684835060431,79.7188698570278,78.47432400613587,79.56361389160156,25902000
2020-10-28 00:00:00-04:00,77.13173899969712,77.32082977436303,75.06511950680083,75.1805648803711,45174000
2020-10-29 00:00:00-04:00,75.49008161554319,79.05901715361654,75.46669489176469,77.47360229492188,55406000
2020-10-30 00:00:00-04:00,82.9752986633924,83.66599669620678,79.6974670927325,80.42100524902344,99878000
2020-11-02 00:00:00-05:00,80.79075106483944,82.51749631331757,80.32795964779757,80.8295669555664,44228000
2020-11-03 00:00:00-05:00,81.1500216385177,82.55529790999582,80.22195599803307,81.89147186279297,31432000
2020-11-04 00:00:00-05:00,84.87322803918391,88.08039850699622,84.74484402888567,86.87715148925781,71342000
2020-11-05 00:00:00-05:00,88.10129620277502,89.16471643777604,86.63729476579961,87.7056884765625,39758000
2020-11-06 00:00:00-05:00,87.15033442042348,88.0042535306438,86.42082052718563,87.56784057617188,28622000
2020-11-09 00:00:00-05:00,89.37172942956123,90.41224892592894,87.45937099735275,87.65194702148438,53440000
2020-11-10 00:00:00-05:00,86.07697225473657,87.55042699948584,85.39771699789287,86.47257995605469,43022000
2020-11-11 00:00:00-05:00,87.00403991084542,87.72558872689356,86.73831204017266,86.9458236694336,31838000
2020-11-12 00:00:00-05:00,86.68555885766379,87.82909374585917,86.4850176966425,86.72636413574219,26474000
2020-11-13 00:00:00-05:00,86.98413472311488,88.43370160863206,86.38599646743025,88.19136047363281,29744000
2020-11-16 00:00:00-05:00,87.78729554543153,89.29011281284569,87.64746115461156,88.2794418334961,25468000
2020-11-17 00:00:00-05:00,87.97240956400461,88.43420627207988,87.55590565351672,87.66388702392578,21314000
2020-11-18 00:00:00-05:00,87.41407824980085,87.83008859204216,86.51487388443644,86.61788177490234,20108000
2020-11-19 00:00:00-05:00,86.24913938873961,87.75494059780603,86.08940351781334,87.5101089477539,20106000
2020-11-20 00:00:00-05:00,87.68080204637623,87.99728973201321,86.33722711990116,86.40589904785156,27694000
2020-11-23 00:00:00-05:00,86.59698652310462,86.88411171935121,85.10213442110361,85.96699523925781,22530000
2020-11-24 00:00:00-05:00,85.96400518776338,87.90372884612593,85.62711488726808,87.77534484863281,27984000
2020-11-25 00:00:00-05:00,87.96991913308844,88.0978019884147,87.00204288307494,87.78678894042969,19600000
2020-11-27 00:00:00-05:00,87.80719756064533,89.42297727421509,87.80719756064533,88.92584991455078,14790000
2020-11-30 00:00:00-05:00,88.36005672195728,88.59343800936252,86.97617007706756,87.3026123046875,32418000
2020-12-01 00:00:00-05:00,87.91269649674737,90.65259560668585,87.73205682491009,89.34086608886719,37350000
2020-12-02 00:00:00-05:00,89.34086108236198,91.20097123321783,88.83378679699169,90.81431579589844,29424000
2020-12-03 00:00:00-05:00,90.5938761888373,91.75283265847874,90.41771644555975,90.6585693359375,24728000
2020-12-04 00:00:00-05:00,90.57794488767951,91.03973394333953,90.24801746183668,90.75410461425781,20544000
2020-12-07 00:00:00-05:00,90.3455593451508,91.02929453535916,89.72303966576968,90.4192123413086,22288000
2020-12-08 00:00:00-05:00,89.99573991211881,90.36646506277663,89.13784194345742,90.13556671142578,19936000
2020-12-09 00:00:00-05:00,90.0872919795764,90.98351223219328,87.680798116927,88.47002410888672,31728000
2020-12-10 00:00:00-05:00,87.71065884956633,88.32721036727966,86.26407601856937,87.96195983886719,28688000
2020-12-11 00:00:00-05:00,87.58127983483229,88.44266302397321,87.22000808817418,88.31775665283203,18628000
2020-12-14 00:00:00-05:00,88.11473355341082,89.06418903296934,87.040364108191,87.19612121582031,33050000
2020-12-15 00:00:00-05:00,87.5743106561317,87.78032644405529,86.6691456825734,87.63502502441406,21352000
2020-12-16 00:00:00-05:00,88.03460918058066,88.03460918058066,87.03688443498345,87.44144439697266,24676000
2020-12-17 00:00:00-05:00,87.77684541122197,87.91518395961303,86.14564417431515,86.61141204833984,34880000
2020-12-18 00:00:00-05:00,86.89307321652835,87.00204928080858,85.34198664274719,85.90031433105469,85256000
2020-12-21 00:00:00-05:00,85.04987336205363,86.43674400893833,84.29697273920598,86.31532287597656,33974000
2020-12-22 00:00:00-05:00,86.05507600610828,86.21829712216855,84.88318089123128,85.60174560546875,20370000
2020-12-23 00:00:00-05:00,85.78636235138065,86.7905564056755,85.65050674333652,86.00033569335938,22974000
2020-12-24 00:00:00-05:00,86.03864981343406,86.70596113529743,85.80725791931836,86.29542541503906,9312000
2020-12-28 00:00:00-05:00,86.83035958921563,88.92484559329391,86.67659948255061,88.27594757080078,27650000
2020-12-29 00:00:00-05:00,88.93629459670905,88.99799605880231,87.33793363515886,87.46980285644531,19726000
2020-12-30 00:00:00-05:00,87.83008941804188,87.96743327328805,85.9888935947524,86.39942932128906,21026000
2020-12-31 00:00:00-05:00,86.45019743700115,87.4568821302475,86.39147245478249,87.21504211425781,21070000
2021-01-04 00:00:00-05:00,87.58128228878026,87.705186375187,84.9508603421397,85.89584350585938,37324000
2021-01-05 00:00:00-05:00,85.84408949685165,86.92591538334669,85.4365378377414,86.58853149414062,20360000
2021-01-06 00:00:00-05:00,84.60849276055802,86.78359483694405,84.40148228115612,85.7341079711914,46588000
2021-01-07 00:00:00-05:00,85.92718285176521,88.4680365310176,85.92718285176521,88.29486846923828,41936000
2021-01-08 00:00:00-05:00,88.43520016542561,89.53991920335396,87.64198775015869,89.46378326416016,35484000
2021-01-11 00:00:00-05:00,88.42821928421255,88.79447206113275,87.19014290740792,87.39665222167969,34796000
2021-01-12 00:00:00-05:00,86.85275048203393,87.97438678522597,85.41064774837153,86.45813751220703,29528000
2021-01-13 00:00:00-05:00,85.95504377665199,87.40163405662189,85.95504377665199,86.94680786132812,23432000
2021-01-14 00:00:00-05:00,87.02742201402309,87.95698355407666,85.89284698308188,86.13419342041016,29212000
2021-01-15 00:00:00-05:00,86.03964495454214,86.9652201288953,85.17826937574225,85.96997833251953,31444000
2021-01-19 00:00:00-05:00,86.73532241988458,89.76284772453106,86.22924282649801,88.79895782470703,41660000
2021-01-20 00:00:00-05:00,90.88398401260814,94.53403661408476,90.54262136383335,93.55621337890625,64152000
2021-01-21 00:00:00-05:00,94.23199279746329,96.1443436463812,93.52337498466534,93.75924682617188,58634000
2021-01-22 00:00:00-05:00,94.12299577520295,94.76641920003334,93.37855385519987,94.177734375,32744000
2021-01-25 00:00:00-05:00,95.181933158644,95.63377526738347,92.51567974733115,94.26332092285156,50586000
2021-01-26 00:00:00-05:00,93.85080553412007,95.33172432985599,93.36015508295559,94.9435806274414,31462000
2021-01-27 00:00:00-05:00,93.29944372261227,93.576120836045,89.4364122301707,90.5142593383789,82512000
2021-01-28 00:00:00-05:00,91.11438957910407,93.95032603866761,91.11438957910407,92.21910858154297,55278000
2021-01-29 00:00:00-05:00,91.26465847682226,91.9374443781488,89.64938764556791,90.93324279785156,44530000
2021-02-01 00:00:00-05:00,91.79065524466398,95.32127620814629,91.79065524466398,94.203125,40252000
2021-02-02 00:00:00-05:00,95.20134574308125,97.00472029972896,94.864948984388,95.49942016601562,66332000
2021-02-03 00:00:00-05:00,102.78907115194251,104.82981339283204,100.19845235959038,102.45417022705078,97882000
2021-02-04 00:00:00-05:00,102.54075646793045,102.9726895274493,101.27082695508153,102.19292449951172,48596000
2021-02-05 00:00:00-05:00,102.48801214016696,104.29835730952522,102.01228969427049,103.94454956054688,29866000
2021-02-08 00:00:00-05:00,104.5003912566402,105.24682262275905,102.67661395971716,103.73007202148438,28828000
2021-02-09 00:00:00-05:00,103.24637908993188,104.4262393016287,103.00752319120647,103.27574157714844,21892000
2021-02-10 00:00:00-05:00,103.66140099776602,104.44465886939685,102.12375419248004,103.82760620117188,25102000
2021-02-11 00:00:00-05:00,104.05252712037256,104.2018073071374,102.95079226487827,103.94055938720703,20480000
2021-02-12 00:00:00-05:00,103.49370466476765,104.47550669373334,103.18517454270486,104.2530746459961,18990000
2021-02-16 00:00:00-05:00,104.0898583949124,106.74665875822036,104.0898583949124,105.03285217285156,31004000
2021-02-17 00:00:00-05:00,104.20082360362122,105.61705688193443,103.92066885530663,105.42696380615234,20294000
2021-02-18 00:00:00-05:00,104.7492008701628,105.59466134200437,104.16847356656038,104.78950500488281,22546000
2021-02-19 00:00:00-05:00,104.88803968550147,105.42497002735199,103.67583285853799,103.94355010986328,37938000
2021-02-22 00:00:00-05:00,102.19143355556334,103.521576354631,101.91276705220227,102.22427368164062,29466000
2021-02-23 00:00:00-05:00,100.22034834099647,103.13192706841954,99.03799761049386,102.515869140625,34658000
2021-02-24 00:00:00-05:00,101.01903323255493,103.91916932842446,100.89413445514002,103.69474029541016,22608000
2021-02-25 00:00:00-05:00,102.30736748486517,103.6544275286867,99.84712981083716,100.31787872314453,41548000
2021-02-26 00:00:00-05:00,101.01455143205975,102.33672899960698,99.57443795504803,100.61446380615234,40042000
2021-03-01 00:00:00-05:00,101.91276872031038,103.31755164395297,101.23699864205244,102.99061584472656,26060000
2021-03-02 00:00:00-05:00,102.75076122777436,104.23865060479181,102.34421183570448,102.73284912109375,25564000
2021-03-03 00:00:00-05:00,102.1093124128224,103.30558878744931,99.22559294885866,100.09195709228516,33892000
2021-03-04 00:00:00-05:00,100.26414000545678,103.2359320208371,99.79438576387756,101.21260833740234,49216000
2021-03-05 00:00:00-05:00,102.56713188273565,104.80890881591917,100.90656818815047,104.35458374023438,53100000
2021-03-08 00:00:00-05:00,103.70718858970949,105.18412104446631,99.78244807245036,99.89739990234375,36868000
2021-03-09 00:00:00-05:00,101.99984883286976,102.70497377307522,101.29571099468689,101.53257751464844,33920000
2021-03-10 00:00:00-05:00,102.57957360663178,102.57957360663178,100.4860820835291,101.3250732421875,27100000
2021-03-11 00:00:00-05:00,102.42133087333761,105.06120607468662,102.3332510030716,104.52725982666016,27702000
2021-03-12 00:00:00-05:00,103.32651105411522,103.3862231361038,101.13747554384854,102.01229095458984,33818000
2021-03-15 00:00:00-04:00,101.76248163409007,102.2605960962489,100.90707420357886,102.23323059082031,26168000
2021-03-16 00:00:00-04:00,102.80796963518604,105.18112207475404,102.47456457642897,103.69871520996094,31900000
2021-03-17 00:00:00-04:00,102.93139470774005,104.45062828158466,101.7196889799892,103.6156234741211,26382000
2021-03-18 00:00:00-04:00,101.92170738689737,102.94531691253769,100.47860990910638,100.58609771728516,31700000
2021-03-19 00:00:00-04:00,101.00361343504876,101.36736812748497,99.66998543614636,100.86576843261719,46072000
2021-03-22 00:00:00-04:00,100.8991044723601,101.92967690737808,100.22084392102161,101.05137634277344,33536000
2021-03-23 00:00:00-04:00,101.51217676416674,102.71442908460335,100.91752371540939,101.58084869384766,28510000
2021-03-24 00:00:00-04:00,102.0998561026989,102.88808737106272,100.96727052737164,101.14293670654297,25218000
2021-03-25 00:00:00-04:00,100.96976727628024,101.79531864173497,99.3296061913516,101.13945770263672,35616000
2021-03-26 00:00:00-04:00,101.10611608171759,101.48430522777333,99.71576014468108,100.75479888916016,27978000
2021-03-29 00:00:00-04:00,100.62690631609587,101.97297171763482,99.79537920743458,101.80278015136719,26492000
2021-03-30 00:00:00-04:00,102.16057583177923,102.64276755981645,101.32308053971381,101.83662414550781,27312000
2021-03-31 00:00:00-04:00,102.23124089496714,103.81666342143662,101.86299868830717,102.63530731201172,42570000
2021-04-01 00:00:00-04:00,104.11473323039297,106.27937953528678,104.0739279531472,105.9822998046875,39880000
2021-04-05 00:00:00-04:00,106.8466666341186,110.91919881705677,106.75012806081834,110.42008209228516,48510000
2021-04-06 00:00:00-04:00,110.0199908055745,110.86993113753334,109.56566574641188,109.93738555908203,35240000
2021-04-07 00:00:00-04:00,110.12847588567706,111.69100514725001,110.12847588567706,111.41880798339844,24134000
2021-04-08 00:00:00-04:00,112.66136812813146,113.04901826963554,111.61686235050232,111.98609924316406,28664000
2021-04-09 00:00:00-04:00,111.7377910863765,113.15750194180373,111.33073299675657,112.9932861328125,26146000
2021-04-12 00:00:00-04:00,112.1697216656889,112.30755906868903,110.86097629130978,111.69698333740234,25024000
2021-04-13 00:00:00-04:00,112.01397146501857,112.6350029225419,111.61885729411927,112.18515014648438,25682000
2021-04-14 00:00:00-04:00,112.83204797289153,112.83204797289153,111.26902518096547,111.56211853027344,21002000
2021-04-15 00:00:00-04:00,112.5593610414897,114.25375956725094,112.02292426332264,113.71881103515625,29174000
2021-04-16 00:00:00-04:00,113.91736311962295,114.16617356571902,113.00572128065846,113.59440612792969,26282000
2021-04-19 00:00:00-04:00,112.96890689363877,114.656335032915,112.96890689363877,113.94324493408203,30290000
2021-04-20 00:00:00-04:00,114.32790173001689,114.40304297259718,112.3190124548569,113.4083023071289,22288000
2021-04-21 00:00:00-04:00,113.06195417608703,113.45756186880061,111.706928921232,113.37545776367188,23204000
2021-04-22 00:00:00-04:00,113.2286569817641,113.89945354326824,111.48300504001658,112.09010314941406,24146000
2021-04-23 00:00:00-04:00,112.81066024801429,114.75735454893425,112.52452973965524,114.44932556152344,29066000
2021-04-26 00:00:00-04:00,114.67773209539389,115.67347506131698,114.31944443209228,114.94694519042969,32038000
2021-04-27 00:00:00-04:00,115.33010833149295,115.37091360814864,113.76409384172325,114.00395202636719,44386000
2021-04-28 00:00:00-04:00,119.05579837072018,120.99054864114056,117.10114660558713,117.39076232910156,81106000
2021-04-29 00:00:00-04:00,118.89308224360096,119.63602837600928,118.12773648841575,119.06874084472656,41234000
2021-04-30 00:00:00-04:00,117.83761759172225,118.52582506439606,116.76972515431498,117.11507415771484,44856000
2021-05-03 00:00:00-04:00,117.68287107834698,118.51091304224892,116.21937076506136,116.59656524658203,28242000
2021-05-04 00:00:00-04:00,115.12708626405683,115.69636320160089,112.29711784271197,114.79268646240234,44818000
2021-05-05 00:00:00-04:00,115.87750091536309,116.19448215391392,114.86484054405638,115.18779754638672,26636000
2021-05-06 00:00:00-04:00,114.76780169468033,116.3114242553711,114.10646611417098,116.3114242553711,25190000
2021-05-07 00:00:00-04:00,117.63211092314187,117.9983561400744,116.74982396318221,117.03694915771484,28898000
2021-05-10 00:00:00-04:00,115.85310540353551,115.99543032094336,113.68347806009943,114.04226684570312,30914000
2021-05-11 00:00:00-04:00,111.61984746140375,113.47149124913393,111.16452011496574,112.96292114257812,34186000
2021-05-12 00:00:00-04:00,110.7798698646749,111.86418624163223,109.15911669437793,109.4890365600586,46376000
2021-05-13 00:00:00-04:00,110.77637526776887,111.43920662149354,109.81098957903248,110.92168426513672,33204000
2021-05-14 00:00:00-04:00,112.38967644589917,113.69244612252074,111.96470623927483,113.376953125,31996000
2021-05-17 00:00:00-04:00,112.63997266332655,113.94423815039278,112.2388903348768,113.90144348144531,21598000
2021-05-18 00:00:00-04:00,114.56975107464842,114.83498539001295,112.5713022709001,112.58523559570312,22204000
2021-05-19 00:00:00-04:00,110.89133502717809,113.20825325301088,110.74254838311828,113.03458404541016,23684000
2021-05-20 00:00:00-04:00,114.0049543138836,115.04995367632121,113.63273332390318,114.79866027832031,32352000
2021-05-21 00:00:00-04:00,115.31916082166767,115.39281381561896,113.92034619778136,114.16069793701172,40632000
2021-05-24 00:00:00-04:00,115.19376457687339,117.71470921979483,115.04796201657045,117.49028778076172,31832000
2021-05-25 00:00:00-04:00,118.03567732658347,118.63282089487157,117.18972330541762,117.58135223388672,22440000
2021-05-26 00:00:00-04:00,117.76297776968487,118.8811365497892,117.7599936843896,118.44920349121094,21572000
2021-05-27 00:00:00-04:00,118.88411475425364,118.88411475425364,117.25242003275355,117.57189178466797,35224000
2021-05-28 00:00:00-04:00,118.15609820149749,118.23820230611524,117.08273111254248,117.28177642822266,21482000
2021-06-01 00:00:00-04:00,118.1570905828654,118.71790875952479,117.15388368433689,118.49248504638672,23354000
2021-06-02 00:00:00-04:00,118.88908563692881,119.1125199566235,117.05833804912791,117.96550750732422,21158000
2021-06-03 00:00:00-04:00,116.7284293221674,117.29024223890825,115.92178472969479,116.82048797607422,18696000
2021-06-04 00:00:00-04:00,117.89982420271934,119.38074292143739,117.55845396785828,119.10903930664062,24458000
2021-06-07 00:00:00-04:00,118.90352644161484,119.65344300832813,118.48353732486014,119.54346466064453,24120000
2021-06-08 00:00:00-04:00,120.02666352139211,120.40037275616211,119.16925910663717,119.35138702392578,24240000
2021-06-09 00:00:00-04:00,119.9977964011233,120.06994596281687,119.27475179338707,119.82412719726562,17942000
2021-06-10 00:00:00-04:00,119.77336645278285,121.22045035217171,119.61711580354225,121.17715454101562,25904000
2021-06-11 00:00:00-04:00,121.41950536835986,121.50509470935228,120.37250900118785,120.93183898925781,21958000
2021-06-14 00:00:00-04:00,121.03434903831184,121.8633857019183,120.32474413314641,121.8628921508789,22098000
2021-06-15 00:00:00-04:00,121.86735007353872,122.19130175131006,120.47998585892422,120.84175872802734,21562000
2021-06-16 00:00:00-04:00,120.99354083237306,121.30604974987207,118.90154507498283,120.19784545898438,26472000
2021-06-17 00:00:00-04:00,120.12319457492448,121.93950775152115,119.92663220106029,121.16421508789062,25842000
2021-06-18 00:00:00-04:00,120.78950247680184,121.02437959098219,119.44393824032993,119.53948211669922,46116000
2021-06-21 00:00:00-04:00,119.9271411452903,121.41950273978642,119.32800058512855,121.23289489746094,27414000
2021-06-22 00:00:00-04:00,121.17069271040606,121.81760141803291,120.48795979203726,121.74842834472656,22390000
2021-06-23 00:00:00-04:00,121.51255716784965,122.50978839268653,121.25479445301924,121.5458984375,19148000
2021-06-24 00:00:00-04:00,122.1161595703844,122.46996728323248,121.71806894524062,121.9171142578125,21362000
2021-06-25 00:00:00-04:00,121.41949566786325,122.0494869263323,120.98656792867304,121.92557525634766,34594000
2021-06-28 00:00:00-04:00,122.09476570644414,122.20076527318163,120.82782790498153,121.95294952392578,28526000
2021-06-29 00:00:00-04:00,122.08682085573261,122.43565513957584,121.11198161559385,121.69071197509766,23108000
2021-06-30 00:00:00-04:00,121.41401862910979,121.67527414379862,120.777064517877,121.5085678100586,24474000
2021-07-01 00:00:00-04:00,121.14581091471862,122.00370889101198,120.95323489975411,121.86189270019531,18110000
2021-07-02 00:00:00-04:00,122.56402125859373,124.80729394384096,122.47395200301078,124.66149139404297,25982000
2021-07-06 00:00:00-04:00,125.05064175261214,125.8264356149296,123.9897120776106,125.58956909179688,26404000
2021-07-07 00:00:00-04:00,126.55693750796647,126.67835105188155,125.55273588133367,125.87220764160156,24060000
2021-07-08 00:00:00-04:00,123.43585129730475,124.99787935955246,123.43187251721065,124.44900512695312,23790000
2021-07-09 00:00:00-04:00,124.43010544209602,125.1362250527908,123.95885535984911,124.92125701904297,18632000
2021-07-12 00:00:00-04:00,125.57762429893366,126.46488475430863,125.01332084819249,126.37133026123047,17668000
2021-07-13 00:00:00-04:00,126.43402078790348,127.44816936734279,126.07175435939051,126.73558044433594,19240000
2021-07-14 00:00:00-04:00,127.34915162866419,128.71114739493328,127.30585581569756,127.62682342529297,23742000
2021-07-15 00:00:00-04:00,128.03686284017635,128.0876150688026,125.92794221134592,126.40068054199219,24218000
2021-07-16 00:00:00-04:00,127.05555571192009,127.20334766110668,125.5532396143855,126.36585235595703,20424000
2021-07-19 00:00:00-04:00,125.48954262685852,125.60449445304222,122.91733701019425,123.98523712158203,27968000
2021-07-20 00:00:00-04:00,124.9302089444466,126.43850077838984,123.75881501817668,125.60897064208984,26312000
2021-07-21 00:00:00-04:00,125.5333313160581,126.9888739739733,125.4238541100995,126.94210052490234,20746000
2021-07-22 00:00:00-04:00,127.23568852185855,127.87164794172931,126.8923289019367,127.81043243408203,14302000
2021-07-23 00:00:00-04:00,129.80987462994372,132.76425558089943,129.18288265732,132.382080078125,41506000
2021-07-26 00:00:00-04:00,132.69411172953653,133.59828204098443,131.671990313619,133.39724731445312,30572000
2021-07-27 00:00:00-04:00,133.61169451326654,133.75948644247185,129.4849253186619,131.27236938476562,54710000
2021-07-28 00:00:00-04:00,135.66340668703342,137.6389624126458,134.63382884778994,135.44644165039062,95130000
2021-07-29 00:00:00-04:00,135.50214904727238,136.0107191265782,134.89804269131116,135.1314239501953,31716000
2021-07-30 00:00:00-04:00,134.39248350863042,134.66070190945484,133.61619609988043,134.08544921875,25576000
2021-08-02 00:00:00-04:00,134.47409278802186,134.69254605827192,133.15738980965833,134.2128448486328,21634000
2021-08-03 00:00:00-04:00,134.49197943945262,135.0861388460212,132.68512739616747,134.98463439941406,20762000
2021-08-04 00:00:00-04:00,134.70547712760563,135.0040526928008,133.84707807248856,134.4825439453125,19676000
2021-08-05 00:00:00-04:00,135.03491292404775,135.7012372072588,134.20438041159676,135.6031951904297,17870000
2021-08-06 00:00:00-04:00,135.39467394944776,135.82312171989452,134.56663215554497,135.0926055908203,20488000
2021-08-09 00:00:00-04:00,135.29566392097962,136.5312574721782,134.69552108517198,136.26153564453125,17760000
2021-08-10 00:00:00-04:00,136.68849445684972,137.11695747144506,135.7156522799874,136.1560516357422,19414000
2021-08-11 00:00:00-04:00,136.52878693256875,137.02739501004547,135.62311311279728,135.63058471679688,15352000
2021-08-12 00:00:00-04:00,135.3284908102748,136.64669715164672,134.78111998935373,136.54119873046875,16506000
2021-08-13 00:00:00-04:00,136.59695274010096,137.2005732785882,136.3809899827842,137.07217407226562,15948000
2021-08-16 00:00:00-04:00,136.87063034656046,137.7041545137353,134.65522403759903,137.65139770507812,22384000
2021-08-17 00:00:00-04:00,137.09456747401367,137.60761757330292,135.4345047652253,136.01124572753906,21716000
2021-08-18 00:00:00-04:00,135.85051374450165,136.45214485908588,134.67762388651653,134.8045196533203,19258000
2021-08-19 00:00:00-04:00,133.79585357347617,135.70372466350966,133.61123509377722,135.034423828125,21782000
2021-08-20 00:00:00-04:00,135.35288644524337,136.89949307166904,134.60645508617034,136.7755889892578,31194000
2021-08-23 00:00:00-04:00,137.31302050167736,140.20419691127913,136.95274343167395,139.3751678466797,28454000
2021-08-24 00:00:00-04:00,139.94242399461834,141.40394225947364,139.67072799216066,140.58934020996094,19268000
2021-08-25 00:00:00-04:00,140.9511195496134,141.51293245081183,140.70331138846305,141.4029541015625,15848000
2021-08-26 00:00:00-04:00,141.07552321093658,141.73984285117388,140.68438784337567,140.7675018310547,20610000
2021-08-27 00:00:00-04:00,140.9784742560107,143.82486618585608,140.82371186007694,143.31878662109375,28780000
2021-08-30 00:00:00-04:00,143.7129120778502,145.2759501615927,143.47704025354426,143.9025115966797,24434000
2021-08-31 00:00:00-04:00,144.4563725246217,144.48074635237265,143.59449575192565,144.00900268554688,22448000
2021-09-01 00:00:00-04:00,144.31006164544272,145.55809268141408,144.19411512479778,144.5245361328125,21936000
2021-09-02 00:00:00-04:00,144.52503156593625,144.8270847688829,142.50368970947488,142.60520935058594,32342000
2021-09-03 00:00:00-04:00,142.3996963220879,143.4690770503106,141.72292401737542,143.05555725097656,19850000
2021-09-07 00:00:00-04:00,143.1501019140415,143.87712527974648,142.93562743950727,143.59397888183594,20124000
2021-09-08 00:00:00-04:00,143.41434410788645,143.71290448780815,142.31957209422643,143.0072784423828,18344000
2021-09-09 00:00:00-04:00,143.15607613822618,143.6238409930003,142.49623642197608,142.85800170898438,15314000
2021-09-10 00:00:00-04:00,143.5262839446984,144.0298881380867,140.0683293807008,140.20567321777344,36840000
2021-09-13 00:00:00-04:00,141.2740697555955,142.26981270269945,140.5779046748235,141.65525817871094,22094000
2021-09-14 00:00:00-04:00,142.31511482955412,142.68087413247122,141.07554235288376,141.8662567138672,19674000
2021-09-15 00:00:00-04:00,142.09216342027784,143.76317524274404,140.67494311484762,143.74227905273438,27408000
2021-09-16 00:00:00-04:00,143.2655612442223,143.6134008192354,141.72393564031694,142.9266815185547,26190000
2021-09-17 00:00:00-04:00,142.34993679970833,142.7674353957721,139.80161903772358,140.1300506591797,53384000
2021-09-20 00:00:00-04:00,137.50408943393188,138.33860059722008,135.67334943779196,138.05943298339844,46518000
2021-09-21 00:00:00-04:00,139.08454245988372,139.3453044410875,137.62004753126166,138.3714599609375,25332000
2021-09-22 00:00:00-04:00,138.64118089062606,140.21664143476931,137.89225891810773,139.6160125732422,25056000
2021-09-23 00:00:00-04:00,140.31666950445637,141.02229564251655,139.73345921270854,140.54408264160156,20952000
2021-09-24 00:00:00-04:00,139.869793451718,141.65327424223068,139.57370839647646,141.53831481933594,22984000
2021-09-27 00:00:00-04:00,140.13452783317547,141.26313470256505,139.40103511550925,140.4007568359375,21882000
2021-09-28 00:00:00-04:00,137.99524013807448,138.4346371727659,134.7159204771809,135.18368530273438,45772000
2021-09-29 00:00:00-04:00,136.3282160833576,136.4984076534218,133.2280476280008,133.71421813964844,30848000
2021-09-30 00:00:00-04:00,133.622656505888,134.89755184426153,132.92050809949572,133.03993225097656,37996000
2021-10-01 00:00:00-04:00,133.80777646067884,136.25906983258642,133.43506190185735,135.893310546875,35360000
2021-10-04 00:00:00-04:00,135.31357546219573,135.31357546219573,130.4264483437035,133.02352905273438,51202000
2021-10-05 00:00:00-04:00,133.4032141822642,136.57156882234636,133.4032141822642,135.3757781982422,32404000
2021-10-06 00:00:00-04:00,134.10883795724234,137.09456347762622,133.90979262645382,136.9104461669922,24364000
2021-10-07 00:00:00-04:00,138.23112248140887,139.37565966392003,137.99127188020964,138.5625457763672,25110000
2021-10-08 00:00:00-04:00,138.91287261391636,139.66328280927024,138.55508607158956,139.12039184570312,26526000
2021-10-11 00:00:00-04:00,138.62922859464507,140.04247013215831,138.19827504426897,138.25302124023438,17954000
2021-10-12 00:00:00-04:00,138.81632757309202,138.84320712107439,135.11402671387663,135.7997589111328,36332000
2021-10-13 00:00:00-04:00,136.74870263527313,137.34336323308608,135.86940738847895,136.92735290527344,19654000
2021-10-14 00:00:00-04:00,138.81036282552063,140.66499093729985,138.16444879019394,140.47938537597656,31894000
2021-10-15 00:00:00-04:00,140.94066055286473,141.0436684353912,140.08525320995577,140.69532775878906,30274000
2021-10-18 00:00:00-04:00,140.4052365530088,142.11655251033784,140.39826609427354,142.0986328125,20396000
2021-10-19 00:00:00-04:00,142.705247055176,142.9789476935231,141.92150315879596,142.5554656982422,20164000
2021-10-20 00:00:00-04:00,142.65595589699134,142.8629739512192,140.70378718712195,141.09442138671875,23288000
2021-10-21 00:00:00-04:00,141.0944288032196,141.47959599698243,139.8314697814444,141.21087646484375,26292000
2021-10-22 00:00:00-04:00,138.48790317640055,139.9140834710367,135.40863059451328,136.9119415283203,50588000
2021-10-25 00:00:00-04:00,136.89552127951956,137.3433770805887,134.77963003259802,136.7930145263672,34412000
2021-10-26 00:00:00-04:00,138.6008458288704,139.41643497807848,137.6464094076404,138.6456298828125,49236000
2021-10-27 00:00:00-04:00,138.7416891746795,147.94269523760374,138.7416891746795,145.5217742919922,85782000
2021-10-28 00:00:00-04:00,146.43440448452932,146.4577912079441,143.93882848959854,145.15501403808594,36206000
2021-10-29 00:00:00-04:00,144.38768811776507,147.53663452924428,143.96122969299242,147.34156799316406,43320000
2021-11-01 00:00:00-04:00,147.34155944199966,147.34155944199966,142.54398596575396,142.81419372558594,46924000
2021-11-02 00:00:00-04:00,143.89157087310116,145.9114095190237,143.6487285755413,144.74050903320312,33482000
2021-11-03 00:00:00-04:00,145.20627603308367,145.97112823745937,143.90301282793487,145.9004669189453,27494000
2021-11-04 00:00:00-04:00,146.42446016537954,149.02105497248002,145.61184735875466,147.56202697753906,38412000
2021-11-05 00:00:00-04:00,148.4597167387127,149.61221148430093,147.49185562711088,148.14373779296875,38354000
2021-11-08 00:00:00-05:00,149.11209726310418,149.8983467767936,147.7242318662626,148.32188415527344,23052000
2021-11-09 00:00:00-05:00,148.5229176061689,149.12155699209504,146.54437039574856,148.2099151611328,19530000
2021-11-10 00:00:00-05:00,146.7981726497593,147.3654677927579,143.84977474813238,145.19931030273438,29970000
2021-11-11 00:00:00-05:00,145.79248880737023,146.8335170484895,144.9077112347004,145.0729217529297,16518000
2021-11-12 00:00:00-05:00,145.91786437465117,148.14174439297312,144.71909735662823,147.97055053710938,22360000
2021-11-15 00:00:00-05:00,148.19200352635517,148.83791753921437,146.8728099950018,147.74563598632812,23508000
2021-11-16 00:00:00-05:00,147.4445757053599,148.05465028259903,146.61155275810987,147.17237854003906,18904000
2021-11-17 00:00:00-05:00,147.3231366136416,147.85260288798642,146.5393928891999,147.34254455566406,19594000
2021-11-18 00:00:00-05:00,147.5361479348524,149.86402315462868,147.18085193421385,149.12554931640625,35608000
2021-11-19 00:00:00-05:00,149.26186954927837,150.2481666109135,148.19049948751575,148.21786499023438,33682000
2021-11-22 00:00:00-05:00,148.62194801430306,149.11657722814311,145.45210536092236,145.60586547851562,30594000
2021-11-23 00:00:00-05:00,145.45757001266105,145.962161355265,143.42927287777465,145.0883331298828,27218000
2021-11-24 00:00:00-05:00,144.7813049279646,145.5536135443126,143.6860469047569,145.4247283935547,18040000
2021-11-26 00:00:00-05:00,143.66166278037056,143.86966796123565,141.1675900002718,141.5064697265625,30470000
2021-11-29 00:00:00-05:00,143.31480818794302,145.6013766551945,143.208808626935,144.83802795410156,32596000
2021-11-30 00:00:00-05:00,144.31852565043738,145.30530878621673,140.9277390064455,141.2223358154297,42068000
2021-12-01 00:00:00-05:00,143.31481246492976,145.2560319905602,140.24150848223852,140.38034057617188,34020000
2021-12-02 00:00:00-05:00,140.57789783145594,143.17995934258195,139.54731782673127,142.28573608398438,29194000
2021-12-03 00:00:00-05:00,142.99734930425885,143.7129223894223,139.6334268670618,141.32583618164062,41230000
2021-12-06 00:00:00-05:00,142.35988929939927,143.1680221618852,139.48313980383537,142.47384643554688,30618000
2021-12-07 00:00:00-05:00,144.90371251975077,146.82901692453825,144.53646503259998,146.56875610351562,32240000
2021-12-08 00:00:00-05:00,146.8942104886106,147.6869293703325,145.7093842979604,147.4813995361328,24270000
2021-12-09 00:00:00-05:00,146.88873004760978,148.3905525366859,146.4149970350233,146.93600463867188,23270000
2021-12-10 00:00:00-05:00,147.9924650222129,148.26864100016783,146.00596003616434,147.2972869873047,24458000
2021-12-13 00:00:00-05:00,147.07831366274226,147.26592378004827,144.82509398206858,145.13262939453125,27070000
2021-12-14 00:00:00-05:00,143.2829738879342,143.79253112951932,140.543067257308,143.22225952148438,38446000
2021-12-15 00:00:00-05:00,142.7266158271978,146.02285286691162,141.00384962279682,145.7441864013672,36370000
2021-12-16 00:00:00-05:00,146.4702315616712,146.97432176442135,142.92368044490732,143.75770568847656,33650000
2021-12-17 00:00:00-05:00,141.82196554942942,143.15011897500315,140.62767835046085,141.0506591796875,50416000
2021-12-20 00:00:00-05:00,139.33384883079916,141.09991095324537,138.65807881354345,140.93319702148438,27192000
2021-12-21 00:00:00-05:00,141.37757108055172,143.18443842835646,139.83395623082816,142.78982543945312,28756000
2021-12-22 00:00:00-05:00,142.386747430513,145.80290972192765,142.386747430513,145.7183074951172,26322000
2021-12-23 00:00:00-05:00,145.80293088513884,147.53813480597037,145.75515514574224,146.2174530029297,26384000
2021-12-27 00:00:00-05:00,146.55532601949932,147.6381465673,146.46923553683405,147.20272827148438,15976000
2021-12-28 00:00:00-05:00,147.53066987418487,147.59337363670528,145.3595615882827,145.98904418945312,18200000
2021-12-29 00:00:00-05:00,145.9467357429029,146.7155667093918,144.95448562894353,145.95718383789062,17788000
2021-12-30 00:00:00-05:00,145.99598858016904,146.59910785453053,145.2998235600185,145.5048370361328,15688000
2021-12-31 00:00:00-05:00,145.35506319669503,146.0004760251165,144.1627655029297,144.1627655029297,18136000
2022-01-03 00:00:00-05:00,144.36481020586808,145.1570280025695,143.02920028001284,144.30162048339844,28646000
2022-01-04 00:00:00-05:00,144.70416653668696,145.78798930459803,143.03266881925126,143.71241760253906,28400000
2022-01-05 00:00:00-05:00,143.7328164404052,143.81193646128006,137.03285410456272,137.1194305419922,54618000
2022-01-06 00:00:00-05:00,136.34662727318383,139.27412860315894,135.90871848698256,137.09205627441406,37348000
2022-01-07 00:00:00-05:00,137.48817599061857,137.7897432622947,135.12049780917903,136.36505126953125,29760000
2022-01-10 00:00:00-05:00,134.43528635965367,138.1589847256294,132.5308930765843,138.0096893310547,44408000
2022-01-11 00:00:00-05:00,137.3503290474821,139.54881766216988,136.0420848882387,139.0710906982422,28730000
2022-01-12 00:00:00-05:00,140.4783702161075,141.9294404967946,140.02504742905134,140.75753784179688,26108000
2022-01-13 00:00:00-05:00,140.86651857043935,142.1702980929826,137.75041975538085,137.92758178710938,31436000
2022-01-14 00:00:00-05:00,136.42675564025197,140.07233622287117,136.34664851003265,138.81683349609375,29662000
2022-01-18 00:00:00-05:00,135.52706612876938,136.4790121933109,134.79407449285608,135.3509063720703,34872000
2022-01-19 00:00:00-05:00,135.87388991456638,137.30306172956688,134.37306968151069,134.4735870361328,28648000
2022-01-20 00:00:00-05:00,135.60169102059876,136.97115074107518,132.3318170208066,132.67318725585938,29908000
2022-01-21 00:00:00-05:00,131.96259868346377,134.22377601264574,129.46752373899022,129.73126220703125,55652000
2022-01-24 00:00:00-05:00,125.37856914011597,130.5787136535352,123.90760490884027,130.18161010742188,76622000
2022-01-25 00:00:00-05:00,128.12744363968903,128.7833046294374,125.89859753096928,126.33102416992188,46960000
2022-01-26 00:00:00-05:00,130.49511541961544,132.3671620019992,126.53703372214112,128.6180877685547,49130000
2022-01-27 00:00:00-05:00,130.6792312241268,132.02131030726912,128.31900956615908,128.39117431640625,31950000
2022-01-28 00:00:00-05:00,129.04204267651795,132.7219586526589,127.8736329072529,132.7164764404297,34362000
2022-01-31 00:00:00-05:00,133.5236351765011,134.82840181492318,131.58042613665086,134.65969848632812,39986000
2022-02-01 00:00:00-05:00,136.93979546512767,137.13735254168026,133.72914748544642,136.9890594482422,68644000
2022-02-02 00:00:00-05:00,150.5303275907362,150.82541035596324,144.83008666091592,147.29579162597656,123200000
2022-02-03 00:00:00-05:00,145.01221315480836,148.96282327293622,141.98666950094375,142.40914916992188,71518000
2022-02-04 00:00:00-05:00,142.7619744324609,144.18566414382084,139.84640903651453,142.61119079589844,57998000
2022-02-07 00:00:00-05:00,143.56362208702555,143.56362208702555,138.23907266305054,138.5386505126953,54974000
2022-02-08 00:00:00-05:00,138.36499262195844,139.33385604729077,136.36207147851567,138.7357177734375,54284000
2022-02-09 00:00:00-05:00,140.2927701568597,141.8463472422032,139.51996039462585,140.91827392578125,40144000
2022-02-10 00:00:00-05:00,139.03877453098843,140.81129088948327,137.30057895120314,137.96041870117188,39330000
2022-02-11 00:00:00-05:00,137.94053165428735,138.4943718586001,132.7652616913773,133.64356994628906,39958000
2022-02-14 00:00:00-05:00,132.62243215848918,135.65145321102975,132.62243215848918,134.88113403320312,34302000
2022-02-15 00:00:00-05:00,136.91590911778226,137.45135880950014,135.17523823760737,135.95849609375,26680000
2022-02-16 00:00:00-05:00,135.99631295565902,137.42896248282813,134.28200525127366,137.08262634277344,25022000
2022-02-17 00:00:00-05:00,135.59471046784896,136.4610670268482,131.84812723815682,131.90834045410156,38950000
2022-02-18 00:00:00-05:00,132.83193274174764,133.43207557532537,129.5770018418038,129.7825164794922,45620000
2022-02-22 00:00:00-05:00,129.22018986412897,131.55154234178266,127.61337018854968,129.19581604003906,44990000
2022-02-23 00:00:00-05:00,131.02208390134615,131.42266506664527,126.92069040536504,126.98090362548828,32786000
2022-02-24 00:00:00-05:00,124.35895204602602,132.36716679103367,124.35895204602602,132.05963134765625,54456000
2022-02-25 00:00:00-05:00,132.9165342626019,134.62785022225833,131.12459484875018,133.81971740722656,36406000
2022-02-28 00:00:00-05:00,132.4169288111751,135.10556696702054,131.96160142081268,134.4143829345703,38864000
2022-03-01 00:00:00-05:00,134.23672846802612,135.60717546651932,132.58463846083353,133.42361450195312,26496000
2022-03-02 00:00:00-05:00,133.98743256772605,134.61890456353234,132.43833526898584,133.9311981201172,23520000
2022-03-03 00:00:00-05:00,135.3628369812351,135.79029772447288,132.39254063011379,133.26239013671875,24604000
2022-03-04 00:00:00-05:00,132.2950229056108,133.21462241050293,129.7173348474673,131.27886962890625,30430000
2022-03-07 00:00:00-05:00,130.86236095139722,131.10817972412593,125.6940618778204,125.77716827392578,45112000
2022-03-08 00:00:00-05:00,125.64927615455635,130.62548511117242,125.07651401769192,126.49971008300781,40428000
2022-03-09 00:00:00-05:00,130.62548341324316,133.09916098406526,129.28240208203147,132.78515625,37026000
2022-03-10 00:00:00-05:00,130.6414308049341,132.63788279324265,130.28961242579786,131.7993927001953,27102000
2022-03-11 00:00:00-05:00,132.85332926637238,133.15887530088736,129.01468700810108,129.25254821777344,31526000
2022-03-14 00:00:00-04:00,129.63024802938145,129.78848807824545,124.67892145628271,125.35169982910156,38812000
2022-03-15 00:00:00-04:00,126.37180948996587,129.23662223260322,125.12228273153698,128.58323669433594,30920000
2022-03-16 00:00:00-04:00,130.1109376361614,132.69855699952495,128.12194243977905,132.6463165283203,35576000
2022-03-17 00:00:00-04:00,132.51544446609907,133.44251542685555,131.55602693390728,133.20216369628906,28264000
2022-03-18 00:00:00-04:00,132.78963125023313,135.59571910651152,131.62917901519822,135.477783203125,44566000
2022-03-21 00:00:00-04:00,135.51560466660072,136.39789162419223,133.4544597507842,135.4539031982422,26832000
2022-03-22 00:00:00-04:00,135.45391090476724,140.37886680791058,135.45391090476724,139.20248413085938,35496000
2022-03-23 00:00:00-04:00,138.04253920540668,138.92432510930774,137.17917414541216,137.61756896972656,25154000
2022-03-24 00:00:00-04:00,138.53765371288432,140.94514991308523,137.09505730306245,140.89837646484375,26396000
2022-03-25 00:00:00-04:00,141.24072608323831,141.35916312962928,139.07259464161262,140.99888610839844,24126000
2022-03-28 00:00:00-04:00,140.23007305677257,141.32683456688196,139.1462501767931,140.78244018554688,35050000
2022-03-29 00:00:00-04:00,141.96876091620584,143.10930412787826,141.36264991460445,141.82742309570312,34318000
2022-03-30 00:00:00-04:00,141.78214074610113,142.04139926782997,140.9262322677062,141.26312255859375,19884000
2022-03-31 00:00:00-04:00,141.3770755393763,141.43182173454176,138.36299756837354,138.40579223632812,37524000
2022-04-01 00:00:00-04:00,138.83622510765764,139.80259792884758,137.6493944528036,139.48362731933594,25942000
2022-04-04 00:00:00-04:00,139.69067069143384,143.0282148928974,139.64289494779692,142.29122924804688,25942000
2022-04-05 00:00:00-04:00,142.1892190441835,142.31013145949348,139.71455405588372,139.92205810546875,21418000
2022-04-06 00:00:00-04:00,138.0897877762518,138.6973869731092,134.8721696149984,135.8982696533203,32468000
2022-04-07 00:00:00-04:00,135.36282523850036,136.5118422894148,133.58880560045588,135.24191284179688,26234000
2022-04-08 00:00:00-04:00,134.93835487299648,135.0244453490223,132.33281575795365,132.65328979492188,25142000
2022-04-11 00:00:00-04:00,131.19626633845286,131.46398360336622,128.0562794987525,128.21054077148438,36884000
2022-04-12 00:00:00-04:00,130.97382925450697,130.97382925450697,126.1857162540227,127.1068115234375,32710000
2022-04-13 00:00:00-04:00,127.39093966649723,129.7138334675101,127.13316938924753,129.2759246826172,27928000
2022-04-14 00:00:00-04:00,129.8586543117061,129.8586543117061,125.99859967897054,126.12699127197266,31598000
2022-04-18 00:00:00-04:00,126.39571309247896,127.60243774339565,125.58160448146151,127.0689926147461,20808000
2022-04-19 00:00:00-04:00,127.08393333342498,129.71285968020723,126.3952245781442,129.39041137695312,26490000
2022-04-20 00:00:00-04:00,130.2691902594668,130.77378162705162,126.89333171577131,127.43075561523438,31696000
2022-04-21 00:00:00-04:00,128.63500784795013,129.47946605426276,123.93397991770688,124.22061157226562,36446000
2022-04-22 00:00:00-04:00,124.40523047709615,124.80531812352369,118.35913931314636,119.06625366210938,56884000
2022-04-25 00:00:00-04:00,118.53429277469893,122.69091861575488,117.94710375134851,122.48838806152344,46128000
2022-04-26 00:00:00-04:00,121.71259321003112,121.9270676834941,117.94709541885699,118.08543395996094,73054000
2022-04-27 00:00:00-04:00,113.92482651279367,116.68413343389656,112.20007840202844,113.75066375732422,91820000
2022-04-28 00:00:00-04:00,115.86107166046905,119.08017825241917,113.57201255036027,117.95854187011719,48884000
2022-04-29 00:00:00-04:00,116.17904555251677,117.35890574463856,113.27294145478096,113.56653594970703,42676000
2022-05-02 00:00:00-04:00,112.86539470993021,116.18999980943521,112.06422476007553,116.02827453613281,35534000
2022-05-03 00:00:00-04:00,115.87649904343223,117.87843306840782,115.48238717008276,116.77570343017578,24968000
2022-05-04 00:00:00-04:00,116.4746360987147,122.2699268388617,114.56824610086612,121.67925262451172,49916000
2022-05-05 00:00:00-04:00,119.63204464005044,120.46307061064945,114.45827869555946,115.95114135742188,45840000
2022-05-06 00:00:00-04:00,114.63643262732876,117.01207587544798,113.47299621973782,115.19575500488281,39710000
2022-05-09 00:00:00-04:00,112.71112905218551,114.52943920583498,111.46757799921504,111.97564697265625,40802000
2022-05-10 00:00:00-04:00,114.95788698251471,115.6968542910652,112.36328947356759,113.85067749023438,39900000
2022-05-11 00:00:00-04:00,112.6977024843236,115.81081721712015,112.6977024843236,113.06195831298828,37534000
2022-05-12 00:00:00-04:00,110.84754643399383,113.7511601444871,109.30193451554294,112.30706787109375,53836000
2022-05-13 00:00:00-04:00,113.98803256594428,117.31413370158947,113.06445432012579,115.4983139038086,35038000
2022-05-16 00:00:00-04:00,114.40852067379373,115.61724230928375,113.34759858622417,113.90045166015625,25990000
2022-05-17 00:00:00-04:00,116.28455202745589,116.34377055599607,114.32343087143941,115.9188003540039,23054000
2022-05-18 00:00:00-04:00,114.4528070059292,114.8509052445683,111.02469285947781,111.36705780029297,35126000
2022-05-19 00:00:00-04:00,110.90128865895407,112.4722766682842,109.47659675819857,109.85877227783203,34144000
2022-05-20 00:00:00-04:00,111.41832137119603,111.64972088163704,105.29310989025825,108.38980102539062,48962000
2022-05-23 00:00:00-04:00,109.06606499448633,111.61388163619868,108.22358859840143,110.95751953125,37184000
2022-05-24 00:00:00-04:00,105.26871860398441,105.951952644931,101.39971155887439,105.46577453613281,76780000
2022-05-25 00:00:00-04:00,104.48595502313039,105.99325219877339,103.36232921245352,105.30155944824219,40258000
2022-05-26 00:00:00-04:00,105.1741741646191,108.13252659391175,104.72432138922662,107.27960968017578,37948000
2022-05-27 00:00:00-04:00,108.96206020855854,111.7835698138087,108.61919412203534,111.78207397460938,37914000
2022-05-31 00:00:00-04:00,112.21001699913141,115.18429932477794,111.5451962691908,113.22068786621094,50012000
2022-06-01 00:00:00-04:00,114.30850533505887,116.54431425454679,112.71113883445743,113.35008239746094,36606000
2022-06-02 00:00:00-04:00,113.4575596211355,117.3385028248278,112.40907510915945,117.06282043457031,37992000
2022-06-03 00:00:00-04:00,115.51024691373239,115.76801720266153,112.97835314878134,113.99598693847656,26136000
2022-06-06 00:00:00-04:00,116.14919546785866,118.77912375848886,115.61127043127397,116.2646484375,33542000
2022-06-07 00:00:00-04:00,114.93101432601036,117.13099882916678,114.50455590836914,116.59207153320312,31590000
2022-06-08 00:00:00-04:00,116.20593058690812,118.00632883158585,116.04519999754733,116.6363754272461,26108000
2022-06-09 00:00:00-04:00,115.77399057256335,117.73611398435301,114.22987449001698,114.28909301757812,25798000
2022-06-10 00:00:00-04:00,111.90996185455049,112.73999313613125,109.84085182107376,110.632568359375,41452000
2022-06-13 00:00:00-04:00,106.27839110394777,108.27384824703032,105.61407143207575,105.88626861572266,47252000
2022-06-14 00:00:00-04:00,106.02809576378536,107.41098020496892,105.29659238534681,106.20773315429688,33706000
2022-06-15 00:00:00-04:00,108.0285229467679,110.89332844630779,107.15719279182463,109.24222564697266,39698000
2022-06-16 00:00:00-04:00,106.71082612689229,108.13153172918454,104.6377371893725,105.52897644042969,51684000
2022-06-17 00:00:00-04:00,105.528970887289,108.18228586085846,104.54616658355276,106.6336898803711,51376000
2022-06-21 00:00:00-04:00,108.41119802749382,111.9542643123408,108.08326752622625,111.01325988769531,47416000
2022-06-22 00:00:00-04:00,110.03045374439513,112.8071716946308,109.85727808662209,110.95702362060547,30774000
2022-06-23 00:00:00-04:00,111.69747579437303,112.20604591984649,109.97471708378085,111.70792388916016,28362000
2022-06-24 00:00:00-04:00,112.457343264938,117.5171519120344,112.4150421499824,117.41364288330078,41164000
2022-06-27 00:00:00-04:00,117.71023220229814,118.01526949121953,114.6314459624472,115.28234100341797,36420000
2022-06-28 00:00:00-04:00,115.2514813531098,116.75131444596565,111.31579952883644,111.47454071044922,35792000
2022-06-29 00:00:00-04:00,111.02121914854789,112.62206327148687,110.34494794788081,111.17000579833984,24716000
2022-06-30 00:00:00-04:00,109.47659494140807,110.36037012107478,106.24205918177555,108.44452667236328,43170000
2022-07-01 00:00:00-04:00,107.41942405927786,108.73015875104069,106.22264648916799,108.22010040283203,35476000
2022-07-05 00:00:00-04:00,106.59089908908788,112.83753130607606,105.22840975036895,112.72407531738281,39342000
2022-07-06 00:00:00-04:00,112.76288648601033,115.0395005469071,110.94557098037903,114.02684020996094,37432000
2022-07-07 00:00:00-04:00,114.53242085295552,118.62236385314765,114.2870956480075,118.2177963256836,40936000
2022-07-08 00:00:00-04:00,116.69209216472974,119.11550333341472,116.34524732585783,118.78558349609375,38238000
2022-07-11 00:00:00-04:00,117.4365476052986,117.4365476052986,114.78173665895066,115.12609100341797,31196000
2022-07-12 00:00:00-04:00,115.66202835855137,116.41741959811824,113.14904875296558,113.47797393798828,29960000
2022-07-13 00:00:00-04:00,111.16949673952026,113.65262767517154,110.67237700140517,110.82365417480469,43722000
2022-07-14 00:00:00-04:00,109.68610316058955,110.56440377859388,107.85734476528513,109.84235382080078,37004000
2022-07-15 00:00:00-04:00,111.4675820742736,112.60215711200841,110.3723164753788,111.24563598632812,46770000
2022-07-18 00:00:00-04:00,112.10403093176883,113.13908327050366,107.85435196917416,108.5112075805664,43164600
2022-07-19 00:00:00-04:00,110.32254841399676,113.4774629947795,109.03868562268973,113.26846313476562,36530900
2022-07-20 00:00:00-04:00,112.63151759868653,114.85091025049731,111.94480589002251,113.35804748535156,35600400
2022-07-21 00:00:00-04:00,113.73623213542243,114.00495167460863,110.58131743938425,113.79594421386719,32676200
2022-07-22 00:00:00-04:00,110.47183703443812,111.80545736836784,105.9932490465555,107.38658905029297,48901200
2022-07-25 00:00:00-04:00,107.89417039822348,109.3472225583573,105.79420953019157,106.99845123291016,34690900
2022-07-26 00:00:00-04:00,106.09277036719988,106.68991390610014,103.57480992289085,104.5202865600586,47991000
2022-07-27 00:00:00-04:00,108.74011946731692,113.3679952824466,107.49606723707197,112.52203369140625,59858500
2022-07-28 00:00:00-04:00,111.8353329683321,113.79595309687595,110.92965921139611,113.67652893066406,32816600
2022-07-29 00:00:00-04:00,112.54194397943671,116.15466896108313,112.52203489140882,115.76652526855469,37223400
2022-08-01 00:00:00-04:00,114.75137773642173,116.16461921046162,113.79593896680589,114.31346893310547,26034300
2022-08-02 00:00:00-04:00,113.4575633556852,115.79638002904798,113.17889687110984,114.58218383789062,20236000
2022-08-03 00:00:00-04:00,115.1594320713057,118.05558946224379,114.93053070088145,117.51815795898438,28499000
2022-08-04 00:00:00-04:00,116.92101136605847,118.21482116526452,116.33381474881479,117.62763214111328,21602900
2022-08-05 00:00:00-04:00,115.67695880145602,117.54801066886964,115.44804984442452,116.91105651855469,19159500
2022-08-08 00:00:00-04:00,117.82667699099878,119.57830469839134,116.32385973549923,116.74186706542969,19138300
2022-08-09 00:00:00-04:00,116.58261814385563,116.76176196281949,115.15942213572387,116.07504272460938,19086500
2022-08-10 00:00:00-04:00,118.21481155899389,120.34462825526873,117.84657697820947,119.13043212890625,30930400
2022-08-11 00:00:00-04:00,120.70292085614055,120.91192071702521,117.99586202223843,118.27452850341797,24293700
2022-08-12 00:00:00-04:00,119.6877792993413,121.10102081298828,118.89158283337814,121.10102081298828,19096300
2022-08-15 00:00:00-04:00,120.55364590937552,121.71808467700703,120.03612347394491,121.49913024902344,19494800
2022-08-16 00:00:00-04:00,120.94178207281517,121.84745576956125,120.06597200873036,121.12092590332031,19041200
2022-08-17 00:00:00-04:00,119.54845056051758,120.71288167155528,118.81196614417375,118.98116302490234,22847000
2022-08-18 00:00:00-04:00,118.86172875873096,120.2451142565541,118.15510799023149,119.59820556640625,17987700
2022-08-19 00:00:00-04:00,118.49348615368488,118.58306186399878,116.20443457194587,116.65229034423828,21809500
2022-08-22 00:00:00-04:00,114.65185765284781,115.07981195046679,113.30828267900442,113.69642639160156,21456600
2022-08-23 00:00:00-04:00,112.94004053241602,114.46275924088157,112.89027540618044,113.31822967529297,15870400
2022-08-24 00:00:00-04:00,112.9599418544723,114.23385011599804,112.33294226755979,113.14904022216797,17734600
2022-08-25 00:00:00-04:00,113.69641910388675,116.1646220653855,113.56704040567818,116.09495544433594,16956800
2022-08-26 00:00:00-04:00,114.17414361532893,114.57224186477183,109.66569935363755,109.81497955322266,37245700
2022-08-29 00:00:00-04:00,109.46664053448025,110.42207172581055,108.2823079873906,108.89935302734375,21191200
2022-08-30 00:00:00-04:00,109.64578930257257,109.97422092496217,107.28707105272045,108.42164611816406,27513300
2022-08-31 00:00:00-04:00,110.1235084111581,110.3225537370346,107.61549478379631,107.70507049560547,28627000
2022-09-01 00:00:00-04:00,107.76477480842202,109.9244475702192,106.84915422642854,109.21782684326172,28360900
2022-09-02 00:00:00-04:00,110.06379063471975,110.21307842824478,106.74964110254567,107.33683013916016,24160700
2022-09-06 00:00:00-04:00,106.78944701500801,107.51596926896929,105.27667524334035,106.30177307128906,25068300
2022-09-07 00:00:00-04:00,106.55058712829103,109.45669902186589,106.39135238503752,108.92921447753906,23167000
2022-09-08 00:00:00-04:00,107.5259250214311,109.078499800194,106.65011497063273,107.86430358886719,24238300
2022-09-09 00:00:00-04:00,108.55102080160147,110.46188319968864,108.5012556752909,110.12350463867188,23197700
2022-09-12 00:00:00-04:00,110.46188297027061,111.08889015087576,109.40692911388913,110.33250427246094,22966800
2022-09-13 00:00:00-04:00,107.28707632557276,107.78469725919211,103.59472231619533,103.8236312866211,38172900
2022-09-14 00:00:00-04:00,104.07243482099148,104.77905558849064,103.16676873054044,104.5003890991211,26395100
2022-09-15 00:00:00-04:00,103.53500749392786,104.76910525057787,101.86300089749223,102.42034149169922,34188300
2022-09-16 00:00:00-04:00,101.58432225281808,102.63927604826566,100.45970184055966,102.31085205078125,42797200
2022-09-19 00:00:00-04:00,101.26585567986477,102.83833958549137,101.06681035212908,102.57957458496094,23036800
2022-09-20 00:00:00-04:00,101.59428213900198,101.882903164709,100.04169980785068,100.65875244140625,26517100
2022-09-21 00:00:00-04:00,101.18622915681169,102.39047078999764,98.79764738492318,98.80760192871094,31487300
2022-09-22 00:00:00-04:00,98.34979431212098,100.75827764430566,98.31993827303401,99.66351318359375,34298600
2022-09-23 00:00:00-04:00,99.15594440205993,99.18580803624575,97.00622591934467,98.27017974853516,31625400
2022-09-26 00:00:00-04:00,97.63321424053862,99.40474334217092,97.33464627113645,97.702880859375,27072700
2022-09-27 00:00:00-04:00,98.95689646179537,99.52418400691106,96.40907978100809,97.03607940673828,30072800
2022-09-28 00:00:00-04:00,97.18536972439702,100.22085285955642,96.64793820563632,99.5739517211914,32466300
2022-09-29 00:00:00-04:00,98.17064759037245,98.17064759037245,95.50339934291237,96.95645141601562,31047200
2022-09-30 00:00:00-04:00,96.58821763291844,98.4294134043774,95.10530191604596,95.19487762451172,32941500
2022-10-03 00:00:00-04:00,96.29960237487207,98.8175630102199,96.06073886671564,98.170654296875,27982000
2022-10-04 00:00:00-04:00,99.96208499329005,101.35541738545221,99.90236532427448,101.1563720703125,28850800
2022-10-05 00:00:00-04:00,99.35499464162503,101.4450009855778,98.3298967620206,100.94738006591797,22176900
2022-10-06 00:00:00-04:00,100.2009393105423,102.44023323947894,100.11136360497702,100.93741607666016,22324000
2022-10-07 00:00:00-04:00,99.37489560091394,100.0516603517211,97.83227531415282,98.21046447753906,27502800
2022-10-10 00:00:00-04:00,98.52893845076046,98.62846111239529,96.54840938978579,97.39436340332031,18225100
2022-10-11 00:00:00-04:00,96.96640841022621,98.77774817376962,95.85173486608706,96.71759796142578,26507100
2022-10-12 00:00:00-04:00,96.83702964877843,98.28012721366622,96.27968908051714,97.09578704833984,21876400
2022-10-13 00:00:00-04:00,94.69725461689511,99.30522121438588,93.93091421252319,98.5886459350586,34574500
2022-10-14 00:00:00-04:00,99.51421963932691,100.21089341446172,95.91144939348797,96.10054016113281,25410700
2022-10-17 00:00:00-04:00,98.38961227226265,100.44976264774354,98.35975623093717,99.49433135986328,28419200
2022-10-18 00:00:00-04:00,102.63928332260754,102.977669480451,99.49432320685048,100.29051208496094,24060700
2022-10-19 00:00:00-04:00,99.53413393609323,100.53932268092686,98.44931643231148,99.15593719482422,23811100
2022-10-20 00:00:00-04:00,99.52418740118877,101.83314824517264,98.91708925059409,99.49433135986328,25323200
2022-10-21 00:00:00-04:00,97.38441171770614,100.82794754437543,97.25503301309253,100.6488037109375,32458700
2022-10-24 00:00:00-04:00,101.31562825653955,102.26110502242939,99.50428830585139,102.03219604492188,27176400
2022-10-25 00:00:00-04:00,102.41038054718946,104.3212429399577,102.23123672329918,103.98286437988281,40611400
2022-10-26 00:00:00-04:00,95.97117241436078,97.8422243688905,94.23945371213154,94.47830963134766,88114100
2022-10-27 00:00:00-04:00,94.07025591284439,94.97592963709896,91.36320447078887,91.78120422363281,60710900
2022-10-28 00:00:00-04:00,91.8309566371646,96.09059787724979,91.6916233939895,95.83183288574219,43697300
2022-10-31 00:00:00-04:00,94.9659688055794,95.57306689870097,93.53282580597906,94.060302734375,31675000
2022-11-01 00:00:00-04:00,94.9958198123906,95.57306183643806,89.9399976095824,90.03952026367188,47161400
2022-11-02 00:00:00-04:00,90.50729412723294,90.74615003951523,86.46660714853941,86.55618286132812,57038300
2022-11-03 00:00:00-04:00,85.90927598104008,86.10832131332283,82.94345193423364,83.03302764892578,61288000
2022-11-04 00:00:00-04:00,84.99365177935555,86.22774949314112,83.3116906968652,86.16803741455078,51124900
2022-11-07 00:00:00-05:00,86.86470514307494,88.47699963071189,86.436750855232,88.0689468383789,34078900
2022-11-08 00:00:00-05:00,88.47699737548828,89.89023890654045,87.17322545658932,88.47699737548828,30429000
2022-11-09 00:00:00-05:00,88.02913095745633,89.01442577049444,86.8646999163299,86.90451049804688,31769100
2022-11-10 00:00:00-05:00,91.81106548869381,93.9408825522036,91.17411127865873,93.49302673339844,51620100
2022-11-11 00:00:00-05:00,94.23944635528495,96.46878581115081,93.47310593436431,95.95126342773438,33090500
2022-11-14 00:00:00-05:00,94.6375384345769,96.32945403822642,94.0603039654914,95.24463653564453,30179500
2022-11-15 00:00:00-05:00,97.79246718461795,99.66351914589465,96.2498392660379,97.97161102294922,41640800
2022-11-16 00:00:00-05:00,97.43417722407897,99.16589589196096,97.17541222075646,98.37965393066406,29105200
2022-11-17 00:00:00-05:00,96.50860507371166,98.80761135706896,96.32946123389857,97.8919906616211,26052600
2022-11-18 00:00:00-05:00,98.30002812804044,98.4294144201493,95.91145390965606,96.9664077758789,28342300
2022-11-21 00:00:00-05:00,96.82707209430102,97.93179105937274,94.90625518678002,95.14511108398438,21647400
2022-11-22 00:00:00-05:00,95.49344664625919,96.757407970804,93.60249332105981,96.58821868896484,23438500
2022-11-23 00:00:00-05:00,96.62802445978609,98.2900840665078,96.62802445978609,97.99150848388672,18868100
2022-11-25 00:00:00-05:00,97.77255664966751,98.17065490597226,96.93655714521095,96.99626922607422,9701400
2022-11-28 00:00:00-05:00,96.5782667025875,97.11569819421372,95.1550706024734,95.59297943115234,26237500
2022-11-29 00:00:00-05:00,95.2745073253337,95.6626510462463,93.66221276632477,94.73707580566406,20061700
2022-11-30 00:00:00-05:00,94.36882794469375,100.55923320625755,93.97072970281681,100.50946807861328,43647500
2022-12-01 00:00:00-05:00,100.53932411796288,101.7634748829433,99.772991266651,100.50946807861328,28687100
2022-12-02 00:00:00-05:00,98.57870403410195,100.29051356417902,98.429416244413,99.96208953857422,21480700
2022-12-05 00:00:00-05:00,98.9270240462685,100.8975983112877,98.52892585751883,99.00664520263672,24405100
2022-12-06 00:00:00-05:00,98.82751539763453,99.30522721733549,95.96121410705892,96.5185546875,24910700
2022-12-07 00:00:00-05:00,95.95126501404084,96.41902227907117,94.26930395221923,94.4882583618164,31045400
2022-12-08 00:00:00-05:00,94.92615094354828,95.12520384009744,93.00533415212564,93.26409912109375,32213300
2022-12-09 00:00:00-05:00,93.32382786918778,93.8115018580551,92.30868449121564,92.3883056640625,28225400
2022-12-12 00:00:00-05:00,92.26886899485267,93.11482303032886,91.1741045022898,92.86601257324219,29420000
2022-12-13 00:00:00-05:00,97.2948424708287,99.05641715165841,94.57782896066584,95.17497253417969,40593700
2022-12-14 00:00:00-05:00,94.74702397460736,96.4090836855868,93.15463848462352,94.61764526367188,28733600
2022-12-15 00:00:00-05:00,92.68686895444695,93.19444441414178,89.58171930241409,90.42767333984375,40107000
2022-12-16 00:00:00-05:00,90.32814916628604,90.89543669655227,89.09404384987789,89.83052825927734,58011800
2022-12-19 00:00:00-05:00,89.83052771403993,90.1290957005775,87.7902789704508,88.0191879272461,29493000
2022-12-20 00:00:00-05:00,87.69075421287637,88.75566261824142,87.0239440398078,88.59642028808594,23453800
2022-12-21 00:00:00-05:00,88.65613432749684,89.79070928196998,87.89974849348417,89.15375518798828,24745600
2022-12-22 00:00:00-05:00,87.74052072393032,88.11870987437933,85.909271863705,87.34242248535156,27658300
2022-12-23 00:00:00-05:00,86.69551223985816,89.12390461779462,86.655701657406,88.80542755126953,23003000
2022-12-27 00:00:00-05:00,88.37747674118715,88.51680998867842,86.59599297044319,86.97418212890625,20097300
2022-12-28 00:00:00-05:00,86.56614139398224,87.62109534883498,85.5310889356147,85.61070251464844,19523200
2022-12-29 00:00:00-05:00,86.20784988305239,88.42723490757112,86.19789533870554,88.02913665771484,23333500
2022-12-30 00:00:00-05:00,86.56613603016086,87.87985491647791,86.15808324311536,87.81018829345703,23986300
